Species,Date,Day,Temp,CO2,Water,Potnum,Photo,Cond,Ci,Trmmol,VpdL,Rdark
E. radiata,2012/03/26,1,Amb,400,Dry,510,28,0.419660173,278.9398345,7.003874447,1.800376776,1.482564663
E. radiata,2012/03/26,1,Amb,400,Dry,502,,,281.7601797,11.49200188,1.690303437,1.508839846
E. radiata,2012/03/26,1,Amb,400,Dry,509,21.68138513,0.282813694,251.2043455,4.929154629,1.8292806,
E. radiata,2012/03/26,1,Amb,400,Dry,513,26.67525594,0.319728462,237.2973983,6.167580762,2.037392236,0.984688473
E. radiata,2012/03/26,1,Amb,400,Wet,515,29.40526061,0.550099555,282.983109,9.113098328,1.835416913,1.503016828
E. radiata,2012/03/26,1,Amb,400,Wet,503,23.52403601,0.252948507,225.6384314,4.068205868,1.678853166,0.975908196
E. radiata,2012/03/26,1,Amb,400,Wet,512,27.25152154,0.33940122,241.7497123,5.933484386,1.855623566,
E. radiata,2012/03/26,1,Amb,400,Wet,516,26.44123249,0.403848217,266.044516,7.310640563,1.945723334,1.528352877
E. radiata,2012/03/26,1,Amb,640,Dry,611,31.1066601,0.268478213,401.9799809,4.262195807,1.677091054,
E. radiata,2012/03/26,1,Amb,640,Dry,604,35.41132461,0.360934421,442.4663433,5.753665811,1.695166809,
E. radiata,2012/03/26,1,Amb,640,Dry,608,40.97249225,0.665425257,489.1117336,10.59666805,1.813338945,1.69252554
E. radiata,2012/03/26,1,Amb,640,Dry,620,35.62374786,0.473438207,474.6791023,7.230757159,1.659468539,1.000917269
E. radiata,2012/03/26,1,Amb,640,Wet,605,,,526.5617871,9.679113658,1.479750008,1.842912341
E. radiata,2012/03/26,1,Amb,640,Wet,616,,,470.7441081,9.283113156,1.479230195,1.968136531
E. radiata,2012/03/26,1,Amb,640,Wet,609,37.8715172,0.660969278,507.2042201,8.053720112,1.375010769,
E. radiata,2012/03/26,1,Amb,640,Wet,619,35.37076117,0.306593533,413.9717752,5.182518811,1.777742039,0.857367611
E. radiata,2012/03/26,1,Elv,400,Dry,404,22.06375003,0.347406913,266.4617187,7.952761137,2.421898698,1.500739566
E. radiata,2012/03/26,1,Elv,400,Dry,407,27.74276588,0.57761616,293.6630805,8.062455256,1.53540191,
E. radiata,2012/03/26,1,Elv,400,Dry,417,23.07328669,0.642555023,312.3673906,9.262465345,1.622855697,
E. radiata,2012/03/26,1,Elv,400,Dry,419,17.43438409,0.203654774,234.9477406,5.145207143,2.586850147,1.956868938
E. radiata,2012/03/26,1,Elv,400,Wet,415,28.64450625,0.576632076,287.6734735,10.85205453,2.079037881,2.052844821
E. radiata,2012/03/26,1,Elv,400,Wet,403,19.69457037,0.27725252,259.1487595,6.582027599,2.462942713,1.861258606
E. radiata,2012/03/26,1,Elv,400,Wet,401,23.15294855,0.426331918,280.1944113,7.021425629,1.782451126,1.076602875
E. radiata,2012/03/26,1,Elv,400,Wet,408,18.92762044,0.214490399,233.7860599,4.961194768,2.367427112,
E. radiata,2012/03/26,1,Elv,640,Dry,306,33.68058888,0.425322582,470.6048992,7.72638475,1.950104413,1.681282767
E. radiata,2012/03/26,1,Elv,640,Dry,303,36.46980256,0.351736901,428.5316792,7.45581318,2.237902674,1.413245241
E. radiata,2012/03/26,1,Elv,640,Dry,319,28.37737947,0.164352748,325.7768765,4.296080458,2.647883447,
E. radiata,2012/03/26,1,Elv,640,Wet,311,35.33083218,0.457715637,471.8672497,8.660538447,2.043463677,1.414491452
E. radiata,2012/03/26,1,Elv,640,Wet,308,33.43681375,0.30914044,422.1323893,6.936021071,2.344110345,1.549574657
E. radiata,2012/03/26,1,Elv,640,Wet,310,31.49932968,0.369570861,457.6083294,7.706115387,2.215926415,
E. radiata,2012/03/26,1,Elv,640,Wet,307,33.0764439,0.234132218,370.4969166,4.721450245,2.080489071,
E. radiata,2012/04/03,9,Amb,400,Dry,510,32.02899491,0.496753334,265.3630384,6.813752234,1.496242671,0.853956279
E. radiata,2012/04/03,9,Amb,400,Dry,502,,,281.6838404,11.66080339,1.685731472,1.047516306
E. radiata,2012/04/03,9,Amb,400,Dry,549,18.18899689,0.23368825,248.6757958,4.078057181,1.811328251,
E. radiata,2012/04/03,9,Amb,400,Dry,509,30.84649006,0.425895843,250.7993214,7.544124058,1.89965586,1.166191689
E. radiata,2012/04/03,9,Amb,400,Dry,513,27.12737375,0.321301594,236.1065442,5.688180481,1.860792742,0.821531044
E. radiata,2012/04/03,9,Amb,400,Wet,515,34.7439079,0.595479487,272.4394596,9.383837073,1.747056145,0.733689592
E. radiata,2012/04/03,9,Amb,400,Wet,501,16.59269972,0.274896366,280.6402441,4.463622764,1.693213543,1.400603608
E. radiata,2012/04/03,9,Amb,400,Wet,512,24.54532592,0.272538207,227.9601604,5.104744643,1.950593961,1.893300222
E. radiata,2012/04/03,9,Amb,400,Wet,516,28.43751227,0.350946135,239.9956005,5.781247987,1.743909351,
E. radiata,2012/04/03,9,Amb,640,Dry,608,33.73567902,0.431143776,472.3260225,6.262287805,1.566943868,0.551095654
E. radiata,2012/04/03,9,Amb,640,Dry,620,34.06319875,0.292174265,414.0232229,5.05633847,1.80267806,1.026487661
E. radiata,2012/04/03,9,Amb,640,Dry,611,33.88529268,0.533297119,484.2951931,5.741558401,1.206302401,0.711627854
E. radiata,2012/04/03,9,Amb,640,Dry,604,28.07412262,0.231112041,409.6647558,3.812114705,1.697690238,1.733031622
E. radiata,2012/04/03,9,Amb,640,Wet,605,37.18281067,0.452330713,463.2943194,5.972414124,1.430819009,0.661623017
E. radiata,2012/04/03,9,Amb,640,Wet,616,45.83368237,0.349523894,384.1126706,5.169466857,1.560043267,2.198777107
E. radiata,2012/04/03,9,Amb,640,Wet,609,41.60867655,0.694123212,498.5136221,9.251470957,1.50138392,
E. radiata,2012/04/03,9,Amb,640,Wet,619,38.69063692,0.344810118,417.4073767,5.740550217,1.753219357,0.994478219
E. radiata,2012/04/03,9,Elv,400,Dry,404,22.47895118,0.316780558,253.2102725,7.39006169,2.44299954,1.268990946
E. radiata,2012/04/03,9,Elv,400,Dry,417,16.82907301,0.156107346,200.5774691,4.071790938,2.630541241,1.402171495
E. radiata,2012/04/03,9,Elv,400,Dry,407,22.6033703,0.234267697,216.0749703,5.673938054,2.485839669,1.56961811
E. radiata,2012/04/03,9,Elv,400,Wet,415,23.25928382,0.392398266,273.1496702,9.245251436,2.499990383,1.517511616
E. radiata,2012/04/03,9,Elv,400,Wet,403,19.45203288,0.395654941,296.9487308,7.037066941,1.8846308,1.313669126
E. radiata,2012/04/03,9,Elv,400,Wet,401,26.76861774,0.464349176,272.1792233,10.43938482,2.42119332,1.116891932
E. radiata,2012/04/03,9,Elv,400,Wet,408,17.21334046,0.227736461,252.8856452,5.264292314,2.37143154,
E. radiata,2012/04/03,9,Elv,640,Dry,306,33.28850642,0.307122724,421.3560094,6.62437966,2.243425172,1.076471698
E. radiata,2012/04/03,9,Elv,640,Dry,303,30.32798853,0.213247763,368.9092069,5.259553289,2.513350607,1.076320853
E. radiata,2012/04/03,9,Elv,640,Dry,313,21.40094576,0.103293635,272.2155469,2.703217797,2.608867893,1.206873472
E. radiata,2012/04/03,9,Elv,640,Dry,305,11.54664305,0.051313481,252.4325657,1.443316637,2.778637116,
E. radiata,2012/04/03,9,Elv,640,Wet,311,33.87927318,0.297258605,410.3371841,7.118580068,2.489189735,1.05297635
E. radiata,2012/04/03,9,Elv,640,Wet,308,29.76965343,0.252658911,410.0653765,5.153635506,2.101486214,1.253713855
E. radiata,2012/04/03,9,Elv,640,Wet,310,33.56207492,0.475480734,479.5392097,8.783125512,1.991249567,1.1963229
E. radiata,2012/04/03,9,Elv,640,Wet,307,42.067131,0.345630967,391.5388075,8.235467665,2.501595322,
E. radiata,2012/04/10,16,Amb,400,Dry,510,32.28028066,0.428398248,244.9219786,8.04555142,2.043478294,0.950118138
E. radiata,2012/04/10,16,Amb,400,Dry,502,,,282.7085747,13.23559102,1.856456251,0.962223911
E. radiata,2012/04/10,16,Amb,400,Dry,509,31.20830859,0.356969954,225.6386701,7.602970649,2.283270757,
E. radiata,2012/04/10,16,Amb,400,Dry,513,21.68621698,0.223457798,217.9213124,4.401802534,2.058777435,1.141125866
E. radiata,2012/04/10,16,Amb,400,Wet,515,37.01103087,0.574282144,258.6939077,10.8578711,2.115045412,0.846438278
E. radiata,2012/04/10,16,Amb,400,Wet,501,26.61870798,0.400969828,262.9502447,7.838488488,2.117755033,1.259450698
E. radiata,2012/04/10,16,Amb,400,Wet,512,32.16010391,0.355251868,222.2778813,6.639739213,2.004879467,
E. radiata,2012/04/10,16,Amb,400,Wet,516,28.79452726,0.329075039,227.3160971,7.042313487,2.281616774,0.983706808
E. radiata,2012/04/10,16,Amb,640,Dry,608,30.4137544,0.177398904,325.2546855,3.455227543,2.01651855,0.797783853
E. radiata,2012/04/10,16,Amb,640,Dry,620,18.76341194,0.08653523,265.1256804,1.713509566,2.007721308,
E. radiata,2012/04/10,16,Amb,640,Dry,611,32.78814716,0.240926685,367.7324053,4.211091379,1.84726813,0.496851958
E. radiata,2012/04/10,16,Amb,640,Dry,604,41.81589426,0.357869779,405.5528456,6.438549003,1.92626792,0.98930841
E. radiata,2012/04/10,16,Amb,640,Wet,605,40.8458682,0.456339413,445.5667878,7.621484179,1.829739153,0.629768403
E. radiata,2012/04/10,16,Amb,640,Wet,616,53.32172063,0.433488393,388.5369378,7.655376397,1.919495923,1.255181519
E. radiata,2012/04/10,16,Amb,640,Wet,609,43.93062661,0.678612368,488.2810939,10.24019397,1.720333891,
E. radiata,2012/04/10,16,Amb,640,Wet,619,38.38900131,0.309743277,400.02879,5.023939634,1.721802727,0.6525005
E. radiata,2012/04/10,16,Elv,400,Dry,417,7.859653583,0.054751142,150.265289,1.743761336,3.185530653,0.850684293
E. radiata,2012/04/10,16,Elv,400,Dry,404,10.51847023,0.055605977,76.75563103,1.936061082,3.485977606,1.310794197
E. radiata,2012/04/10,16,Elv,400,Dry,419,18.56360448,0.167237495,191.3465061,5.048768101,3.093013683,1.328089429
E. radiata,2012/04/10,16,Elv,400,Dry,407,16.57258613,0.135208913,176.3608853,4.182566226,3.137511051,
E. radiata,2012/04/10,16,Elv,400,Wet,415,22.73665575,0.492191634,294.0999236,11.48544035,2.553565249,0.945153286
E. radiata,2012/04/10,16,Elv,400,Wet,403,22.63239318,0.345008693,265.25311,8.083424715,2.486925053,1.203546024
E. radiata,2012/04/10,16,Elv,400,Wet,401,26.90191595,0.537006057,284.4851383,10.99067446,2.268749444,1.00351381
E. radiata,2012/04/10,16,Elv,400,Wet,408,19.72854825,0.22708657,231.1745928,6.63307032,3.024334259,
E. radiata,2012/04/10,16,Elv,640,Dry,306,19.02202442,0.09294838,278.3199852,2.719948116,2.944291286,
E. radiata,2012/04/10,16,Elv,640,Dry,303,21.6832454,0.097541733,246.6930336,3.052886886,3.155860603,0.821838647
E. radiata,2012/04/10,16,Elv,640,Dry,313,9.323452788,0.036695268,202.2481098,1.27216191,3.445745139,0.583898638
E. radiata,2012/04/10,16,Elv,640,Dry,305,10.15121179,0.039033113,193.61834,1.323193551,3.372853801,
E. radiata,2012/04/10,16,Elv,640,Wet,311,31.11126112,0.296578524,422.6227761,7.45335387,2.640961527,0.745384265
E. radiata,2012/04/10,16,Elv,640,Wet,308,39.95740178,0.469200289,452.1290945,10.1058135,2.350837344,1.184914303
E. radiata,2012/04/10,16,Elv,640,Wet,310,38.55144134,0.393026158,429.8874808,9.87472563,2.696464248,0.531996241
E. radiata,2012/04/10,16,Elv,640,Wet,307,36.59911819,0.337939332,412.8098098,9.003353271,2.824273679,
E. radiata,2012/04/17,23,Amb,400,Dry,510,14.07186391,0.098033129,151.0015071,1.810311546,1.867465834,
E. radiata,2012/04/17,23,Amb,400,Dry,509,0,0.008044422,437.6966205,0.152979924,1.886093244,
E. radiata,2012/04/17,23,Amb,400,Dry,513,0.622448804,0.015386052,322.9911884,0.290185308,1.871807346,
E. radiata,2012/04/17,23,Amb,400,Wet,515,28.58628485,0.366268906,245.6006948,5.075349266,1.480282817,
E. radiata,2012/04/17,23,Amb,400,Wet,501,29.35228618,0.453585209,269.0008998,4.594493449,1.099724649,
E. radiata,2012/04/17,23,Amb,400,Wet,512,29.74424203,0.28030457,201.2139165,4.48410922,1.679482881,
E. radiata,2012/04/17,23,Amb,400,Wet,516,21.72887225,0.235588411,228.0879851,3.595209826,1.586597942,
E. radiata,2012/04/17,23,Amb,640,Dry,608,8.000706298,0.0349066,251.1535746,0.708102296,2.026278513,
E. radiata,2012/04/17,23,Amb,640,Dry,620,13.52864819,0.060668405,260.5597685,1.151382255,1.902035574,
E. radiata,2012/04/17,23,Amb,640,Dry,611,10.58272351,0.042117064,210.3378226,0.90506182,2.149594499,
E. radiata,2012/04/17,23,Amb,640,Dry,604,2.744868194,0.021305136,415.1942512,0.438745449,2.048200176,
E. radiata,2012/04/17,23,Amb,640,Wet,605,34.07875713,0.266538092,394.3065148,4.063587199,1.602140984,
E. radiata,2012/04/17,23,Amb,640,Wet,616,53.32151481,0.58239219,440.8736656,8.011272817,1.532315851,
E. radiata,2012/04/17,23,Amb,640,Wet,609,39.67725477,0.552123084,481.772989,7.481610054,1.502392623,
E. radiata,2012/04/17,23,Amb,640,Wet,619,32.35179845,0.257703738,402.7140942,4.058914438,1.647909674,
E. radiata,2012/04/17,23,Elv,400,Dry,417,6.844683325,0.052857693,177.610719,1.112941536,,
E. radiata,2012/04/17,23,Elv,400,Dry,419,1.226201038,0.01829433,279.5865751,0.40642587,,
E. radiata,2012/04/17,23,Elv,400,Wet,415,22.32422264,0.408001913,286.068767,6.862866296,,
E. radiata,2012/04/17,23,Elv,400,Wet,403,21.29916773,0.287627507,257.5057494,4.993173988,,
E. radiata,2012/04/17,23,Elv,400,Wet,401,22.79848816,0.446544686,289.7601072,6.172357284,,
E. radiata,2012/04/17,23,Elv,400,Wet,408,21.36185815,0.315664916,266.5446108,4.799293131,,
E. radiata,2012/04/17,23,Elv,640,Dry,306,3.512030145,0.01414169,224.3531371,0.285193471,1.987196799,
E. radiata,2012/04/17,23,Elv,640,Dry,303,1.802368303,0.011460381,369.3696441,0.254902661,2.192149862,
E. radiata,2012/04/17,23,Elv,640,Dry,313,0.104268435,0.004407488,580.004921,0.088772476,1.972388606,
E. radiata,2012/04/17,23,Elv,640,Dry,319,0,0.012527676,717.2311642,0.242107126,1.900058991,
E. radiata,2012/04/17,23,Elv,640,Wet,311,30.02104384,0.303503541,438.5602299,5.517445217,1.907772764,
E. radiata,2012/04/17,23,Elv,640,Wet,308,34.10609645,0.302089563,419.3402201,5.007947419,1.739426839,
E. radiata,2012/04/17,23,Elv,640,Wet,310,34.83961169,0.407786451,463.9367537,5.459911171,1.432147744,
E. radiata,2012/04/17,23,Elv,640,Wet,307,24.98560667,0.166776709,366.4720076,2.668848428,1.627123858,
E. radiata,2012/04/24,30,Amb,400,Dry,510,,,,,,0.795105503
E. radiata,2012/04/24,30,Amb,400,Dry,502,0.266787359,0.013019228,353.6643708,0.29544822,2.221170336,0.835690101
E. radiata,2012/04/24,30,Amb,400,Dry,509,3.260472361,0.029195929,209.9578031,0.608037082,2.050525721,
E. radiata,2012/04/24,30,Amb,400,Dry,513,0,0.007685708,385.4565672,0.168444928,2.144263987,0.75884472
E. radiata,2012/04/24,30,Amb,400,Wet,515,32.66071608,0.51708758,266.7424955,7.390041762,1.556479565,0.552417862
E. radiata,2012/04/24,30,Amb,400,Wet,501,26.08963512,0.322637495,242.9980507,5.442883222,1.760599745,0.844503765
E. radiata,2012/04/24,30,Amb,400,Wet,512,31.99088811,0.388715084,237.3537752,5.787119011,1.579395512,
E. radiata,2012/04/24,30,Amb,400,Wet,516,20.08753357,0.217809394,229.6212873,3.72156781,1.753103951,0.847089406
E. radiata,2012/04/24,30,Amb,640,Dry,608,1.908002199,0.020589366,472.8622716,0.419966827,2.00520877,0.572013019
E. radiata,2012/04/24,30,Amb,640,Dry,620,0.663606407,0.008581803,496.1137622,0.184790768,2.105911522,0.460068813
E. radiata,2012/04/24,30,Amb,640,Dry,611,1.328946884,0.010180352,407.847046,0.251573398,2.420653714,
E. radiata,2012/04/24,30,Amb,640,Dry,604,0.09536209,0.009498932,600.5970995,0.214036765,2.2051038,0.445144557
E. radiata,2012/04/24,30,Amb,640,Wet,605,42.26882991,0.352093644,401.4256233,6.277467311,1.874575816,0.47391135
E. radiata,2012/04/24,30,Amb,640,Wet,616,49.43876107,0.475995165,424.995652,6.959751667,1.574920032,0.772347276
E. radiata,2012/04/24,30,Amb,640,Wet,609,33.9655001,0.649615123,517.2867513,8.228044042,1.414655423,
E. radiata,2012/04/24,30,Amb,640,Wet,619,34.22524397,0.373544273,452.1084939,6.143852264,1.737016329,0.531681684
E. radiata,2012/04/24,30,Elv,400,Dry,404,,,,,,0.406216264
E. radiata,2012/04/24,30,Elv,400,Dry,417,0.351404085,0.013710015,343.2773355,0.379956602,2.698754788,0.509595844
E. radiata,2012/04/24,30,Elv,400,Dry,419,0.038450475,0.01036178,378.656022,0.268322941,2.512669061,0.560634099
E. radiata,2012/04/24,30,Elv,400,Dry,407,3.877211303,0.032377063,191.4383415,0.963010548,2.898353263,
E. radiata,2012/04/24,30,Elv,400,Wet,415,23.25995751,0.48755253,294.1124137,9.011998548,1.980537632,0.389491326
E. radiata,2012/04/24,30,Elv,400,Wet,403,19.7498364,0.289284901,264.9450716,6.786825293,2.418222213,0.59643398
E. radiata,2012/04/24,30,Elv,400,Wet,401,21.24765804,0.290850139,256.1225323,5.222220979,1.854921835,0.595313195
E. radiata,2012/04/24,30,Elv,400,Wet,408,24.91694806,0.441784824,279.4252198,9.201814617,2.208830227,
E. radiata,2012/04/24,30,Elv,640,Dry,306,0.075889458,0.000429602,261.2390839,0.010848888,2.452729246,0.541887707
E. radiata,2012/04/24,30,Elv,640,Dry,303,0,0.005797677,616.5973682,0.139847801,2.344752509,0.299321133
E. radiata,2012/04/24,30,Elv,640,Dry,313,0.044269012,0.005818612,604.1364699,0.138492777,2.309393254,0.362946388
E. radiata,2012/04/24,30,Elv,640,Dry,305,1.364423721,0.015307311,474.229467,0.383646989,2.438031357,
E. radiata,2012/04/24,30,Elv,640,Wet,311,26.38920685,0.216382549,406.3463427,4.192248147,1.973276154,0.582557956
E. radiata,2012/04/24,30,Elv,640,Wet,308,29.76267867,0.394416166,478.2152832,6.995361757,1.871333083,0.857924065
E. radiata,2012/04/24,30,Elv,640,Wet,310,32.35832444,0.402373206,471.1852711,6.452289793,1.693755887,0.562393604
E. radiata,2012/04/24,30,Elv,640,Wet,307,27.66570666,0.324592607,463.0881287,6.086578003,1.946226959,
E. radiata,2012/05/01,37,Amb,400,Dry,510,25.53637871,0.336225437,249.9403359,5.994074895,1.902803011,1.04697587
E. radiata,2012/05/01,37,Amb,400,Dry,502,26.92414188,0.446555899,272.8530576,8.264721814,2.015658324,
E. radiata,2012/05/01,37,Amb,400,Dry,509,22.59029183,0.382193755,274.8880302,7.201572032,2.031416866,
E. radiata,2012/05/01,37,Amb,400,Dry,513,32.20249279,0.430914644,245.6370386,8.242129576,2.071327177,1.058753729
E. radiata,2012/05/01,37,Amb,400,Wet,515,32.46952821,0.650156922,286.7553856,8.897378149,1.553821452,1.300062506
E. radiata,2012/05/01,37,Amb,400,Wet,501,29.35289487,0.623787758,293.1825209,10.05652195,1.818416131,1.057888224
E. radiata,2012/05/01,37,Amb,400,Wet,512,16.43913859,0.381722897,306.4682118,7.070702264,1.991459826,0.782726003
E. radiata,2012/05/01,37,Amb,400,Wet,516,20.72426611,0.314660912,268.1958685,5.367402402,1.815388722,
E. radiata,2012/05/01,37,Amb,640,Dry,608,,,,,,1.754660253
E. radiata,2012/05/01,37,Amb,640,Dry,620,39.7018164,0.417058696,442.9472671,7.308136738,1.890946872,1.166783982
E. radiata,2012/05/01,37,Amb,640,Dry,611,29.97635662,0.300540334,435.4753308,4.821916127,1.704319837,
E. radiata,2012/05/01,37,Amb,640,Dry,604,29.78611811,0.332289539,457.3057949,6.146426547,1.961326102,1.111180654
E. radiata,2012/05/01,37,Amb,640,Wet,605,31.27989105,0.265900632,410.6171976,4.598197696,1.822624567,1.196235502
E. radiata,2012/05/01,37,Amb,640,Wet,616,39.45366296,0.512123294,473.0493172,7.833721472,1.686682846,1.242346606
E. radiata,2012/05/01,37,Amb,640,Wet,609,23.3780856,0.529333441,536.3511372,8.003891855,1.671864702,
E. radiata,2012/05/01,37,Amb,640,Wet,619,25.16532496,0.48452405,521.9429825,7.273615723,1.642217056,1.235659271
E. radiata,2012/05/01,37,Elv,400,Dry,404,24.25227751,0.577320357,302.1729957,11.1316003,2.137635139,1.444013446
E. radiata,2012/05/01,37,Elv,400,Dry,417,25.48169292,0.599344166,298.541066,8.724051598,1.64432894,1.10791076
E. radiata,2012/05/01,37,Elv,400,Dry,419,15.7849944,0.172700779,231.8609403,3.804403869,2.253201197,1.47031709
E. radiata,2012/05/01,37,Elv,400,Dry,407,29.41451199,0.533678517,279.8922559,9.869606483,2.034206263,
E. radiata,2012/05/01,37,Elv,400,Wet,415,20.72822948,0.361745389,283.2514682,8.209858298,2.407310432,1.150358082
E. radiata,2012/05/01,37,Elv,400,Wet,403,26.74957268,0.450618257,274.4340259,9.781162682,2.339337399,1.712856262
E. radiata,2012/05/01,37,Elv,400,Wet,401,21.0521966,0.530064696,309.2319292,10.22871291,2.121766676,1.809331249
E. radiata,2012/05/01,37,Elv,400,Wet,408,23.73736193,0.490179582,291.8512885,10.43597851,2.310055589,
E. radiata,2012/05/01,37,Elv,640,Dry,306,26.42907021,0.225630949,409.5188773,6.244704274,2.86763807,1.015419251
E. radiata,2012/05/01,37,Elv,640,Dry,303,21.64084311,0.321610704,497.2817465,6.409718367,2.107547801,1.032507542
E. radiata,2012/05/01,37,Elv,640,Dry,313,28.55752236,0.264323596,419.5023742,6.951183229,2.747232027,1.143771068
E. radiata,2012/05/01,37,Elv,640,Dry,305,30.81042653,0.242368938,391.1090542,6.885962163,2.943407013,
E. radiata,2012/05/01,37,Elv,640,Wet,311,22.34957733,0.258413313,460.9563377,6.396312907,2.584059407,1.037079393
E. radiata,2012/05/01,37,Elv,640,Wet,308,21.53875762,0.264174149,469.7479636,6.876983666,2.716329952,1.018343312
E. radiata,2012/05/01,37,Elv,640,Wet,310,20.90823059,0.29567823,488.1609274,7.335120505,2.608662145,1.298178387
E. radiata,2012/05/01,37,Elv,640,Wet,307,22.69422195,0.191793205,412.5072234,5.51143186,2.94510135,
E. radiata,2012/05/08,44,Amb,400,Dry,502,22.07835526,0.374306744,279.8590334,6.35223225,1.806795584,1.101211686
E. radiata,2012/05/08,44,Amb,400,Dry,509,27.77764875,0.609361742,294.9746996,7.079686236,1.307037124,
E. radiata,2012/05/08,44,Amb,400,Dry,513,30.8948243,0.34915299,227.5370643,6.421847869,1.944232947,1.396123222
E. radiata,2012/05/08,44,Amb,400,Dry,510,27.34057072,0.420825656,267.0026906,6.431835904,1.647708583,1.271346614
E. radiata,2012/05/08,44,Amb,400,Wet,501,24.16930523,0.371733832,268.2539279,6.118694025,1.752727191,1.054460264
E. radiata,2012/05/08,44,Amb,400,Wet,512,18.9753521,0.378008005,297.6320452,5.291783202,1.493253248,
E. radiata,2012/05/08,44,Amb,400,Wet,516,20.2812458,0.286187463,261.399257,4.466018734,1.63718919,0.96613448
E. radiata,2012/05/08,44,Amb,400,Wet,515,16.38476443,0.255498863,269.4135901,5.03912564,2.061098396,0.948872961
E. radiata,2012/05/08,44,Amb,640,Dry,608,32.65406038,0.384841372,464.7741657,6.350447605,1.761083174,0.813424663
E. radiata,2012/05/08,44,Amb,640,Dry,620,35.27345992,0.614975422,509.0290924,9.561175763,1.730975424,0.825157129
E. radiata,2012/05/08,44,Amb,640,Dry,611,29.62637494,0.194940428,354.8135884,3.293293511,1.743133073,
E. radiata,2012/05/08,44,Amb,640,Dry,604,30.4737881,0.258472121,412.2833631,4.660207176,1.873934734,0.995339595
E. radiata,2012/05/08,44,Amb,640,Wet,605,34.11805387,0.384595371,453.798857,6.012066903,1.675772971,0.848255507
E. radiata,2012/05/08,44,Amb,640,Wet,616,36.67726749,0.376504905,441.2928193,6.234015601,1.766958624,0.938235678
E. radiata,2012/05/08,44,Amb,640,Wet,609,18.87259295,0.428296553,537.0961501,7.369173306,1.849775797,
E. radiata,2012/05/08,44,Amb,640,Wet,619,24.48488245,0.222589535,429.1607926,4.148802977,1.92415381,0.966272207
E. radiata,2012/05/08,44,Elv,400,Dry,404,30.09728754,0.58701764,286.8456473,9.798582283,1.847833572,1.307401069
E. radiata,2012/05/08,44,Elv,400,Dry,417,28.19256733,0.632114602,289.3671663,10.11664669,1.803470377,0.793798624
E. radiata,2012/05/08,44,Elv,400,Dry,419,22.08639581,0.327353781,266.0992375,7.628605606,2.439252096,1.275264912
E. radiata,2012/05/08,44,Elv,400,Dry,407,27.82137084,0.470650034,272.5012659,10.24204384,2.348968224,
E. radiata,2012/05/08,44,Elv,400,Wet,415,22.39458136,0.462500026,296.3511013,8.257310949,1.928412272,1.178348646
E. radiata,2012/05/08,44,Elv,400,Wet,403,27.37340464,0.393308235,259.2340961,8.233133451,2.216325803,1.161329934
E. radiata,2012/05/08,44,Elv,400,Wet,401,22.30069846,0.562221421,306.9433865,10.56204856,2.060824643,1.215140288
E. radiata,2012/05/08,44,Elv,400,Wet,408,19.01611442,0.35298142,288.0463249,6.866676414,2.053211187,
E. radiata,2012/05/08,44,Elv,640,Dry,306,26.07256148,0.235049587,430.4494483,3.954213409,1.735734488,0.859195305
E. radiata,2012/05/08,44,Elv,640,Dry,303,19.89840137,0.137458954,371.7100837,3.607725122,2.642170678,0.701660228
E. radiata,2012/05/08,44,Elv,640,Dry,313,27.36860722,0.26152078,425.7783093,6.425365932,2.542773575,1.198495272
E. radiata,2012/05/08,44,Elv,640,Dry,305,31.82490627,0.281440129,414.8173172,7.453681379,2.738382404,
E. radiata,2012/05/08,44,Elv,640,Wet,311,18.80804597,0.139902332,392.2892568,3.04389158,2.198664896,1.174061089
E. radiata,2012/05/08,44,Elv,640,Wet,308,17.12877781,0.157090307,433.6498653,3.509961281,2.261933172,0.993582687
E. radiata,2012/05/08,44,Elv,640,Wet,310,19.93870123,0.187156789,432.2806107,4.67510724,2.542814896,0.746832206
E. radiata,2012/05/08,44,Elv,640,Wet,307,17.0342842,0.103764227,338.7266955,3.462090493,3.32855704,
E. radiata,2012/05/15,51,Amb,400,Dry,510,27.45148399,0.398360508,259.5381537,6.688544331,1.813633025,1.077377078
E. radiata,2012/05/15,51,Amb,400,Dry,502,,,,,,0.941725977
E. radiata,2012/05/15,51,Amb,400,Dry,509,26.42444404,0.522102928,291.5574152,6.930530659,1.464008992,
E. radiata,2012/05/15,51,Amb,400,Dry,513,23.71726549,0.277757685,235.8562506,4.913664083,1.854816855,1.075973467
E. radiata,2012/05/15,51,Amb,400,Wet,515,26.53038843,0.456349756,275.5778721,8.92311933,2.130445027,1.168697418
E. radiata,2012/05/15,51,Amb,400,Wet,501,16.82989002,0.222427746,255.5023332,4.789518929,2.243286749,0.752778488
E. radiata,2012/05/15,51,Amb,400,Wet,512,17.73978051,0.482284479,317.6492196,7.710574392,1.747583628,
E. radiata,2012/05/15,51,Amb,400,Wet,516,18.42655385,0.267851046,264.3099582,4.148553257,1.626731966,0.79604562
E. radiata,2012/05/15,51,Amb,640,Dry,608,34.18663608,0.518845136,492.548825,8.222652538,1.747142264,0.672321497
E. radiata,2012/05/15,51,Amb,640,Dry,620,26.00700805,0.453094925,516.5449357,5.505718948,1.323113906,0.726902653
E. radiata,2012/05/15,51,Amb,640,Dry,611,34.11947924,0.422840066,466.5380164,6.359425872,1.631571867,
E. radiata,2012/05/15,51,Amb,640,Dry,604,,,,,,0.924651939
E. radiata,2012/05/15,51,Amb,640,Wet,605,27.82082096,0.237434449,415.2088055,4.305954301,1.890307224,0.850177762
E. radiata,2012/05/15,51,Amb,640,Wet,616,40.35425552,0.443163699,449.0178627,7.343722552,1.799150532,0.873227536
E. radiata,2012/05/15,51,Amb,640,Wet,609,26.31129001,0.902978082,559.2845547,10.88310647,1.425010025,
E. radiata,2012/05/15,51,Amb,640,Wet,619,18.01883211,0.334064241,523.0086192,5.491190112,1.744059131,0.89131218
E. radiata,2012/05/15,51,Elv,400,Dry,404,25.9197649,0.389530751,264.488557,8.069043306,2.213698735,1.114399494
E. radiata,2012/05/15,51,Elv,400,Dry,419,23.98179709,0.590955425,306.7727872,10.51308786,1.9750708,0.888039656
E. radiata,2012/05/15,51,Elv,400,Dry,407,25.61112156,0.445596984,277.2524488,9.013244269,2.17731664,
E. radiata,2012/05/15,51,Elv,400,Wet,415,23.37533507,0.569789307,306.3512654,9.637607777,1.87416927,1.123132563
E. radiata,2012/05/15,51,Elv,400,Wet,403,28.70990647,0.58043327,292.3261885,10.47503982,1.994036512,0.958888194
E. radiata,2012/05/15,51,Elv,400,Wet,401,25.77871318,0.442492791,276.3283835,8.6253394,2.103612883,0.871445174
E. radiata,2012/05/15,51,Elv,400,Wet,408,21.16238245,0.553757704,311.6253691,9.647028259,1.922108445,
E. radiata,2012/05/15,51,Elv,640,Dry,306,30.07630854,0.275702731,429.8765196,4.749052533,1.79791469,0.696068922
E. radiata,2012/05/15,51,Elv,640,Dry,303,29.69455614,0.421754059,485.8099337,8.508101928,2.164419254,0.810172714
E. radiata,2012/05/15,51,Elv,640,Dry,313,27.79100261,0.205644467,380.0611676,4.9366582,2.469236568,1.085802606
E. radiata,2012/05/15,51,Elv,640,Dry,305,28.1173362,0.273972653,433.7222576,6.851192952,2.600947962,
E. radiata,2012/05/15,51,Elv,640,Wet,311,26.1259258,0.474002148,512.7350087,8.484872862,1.942402617,1.056837436
E. radiata,2012/05/15,51,Elv,640,Wet,308,,,,,,0.904878268
E. radiata,2012/05/15,51,Elv,640,Wet,310,23.54530499,0.212207144,427.6762835,4.156662744,2.018318088,0.778607008
E. radiata,2012/05/15,51,Elv,640,Wet,307,20.56144769,0.213551124,450.3564062,4.844378056,2.33367222,
E. radiata,2012/05/21,57,Amb,400,Dry,510,26.49909805,0.35427851,253.2183042,5.605112162,1.691187875,1.276631696
E. radiata,2012/05/21,57,Amb,400,Dry,513,31.45022868,0.62580014,288.3975845,8.299586436,1.497233048,1.243893834
E. radiata,2012/05/21,57,Amb,400,Dry,502,24.96125789,0.389644726,271.9166288,6.680039276,1.842333219,1.42811503
E. radiata,2012/05/21,57,Amb,400,Dry,509,23.84813824,0.352108323,264.302529,6.388403829,1.933665681,
E. radiata,2012/05/21,57,Amb,400,Wet,516,23.52482418,0.482797282,294.3844537,6.03440951,1.3814557,1.330811728
E. radiata,2012/05/21,57,Amb,400,Wet,515,34.59264375,0.72538169,290.1238937,9.891283844,1.567450016,
E. radiata,2012/05/21,57,Amb,400,Wet,501,18.95413306,0.202862799,227.1192018,3.517601904,1.798226788,1.269706526
E. radiata,2012/05/21,57,Amb,400,Wet,512,23.1087318,0.51792502,301.0340192,8.041326425,1.711097028,
E. radiata,2012/05/21,57,Amb,640,Dry,608,37.85169235,0.577428415,491.1246573,8.540889234,1.651066051,1.008464571
E. radiata,2012/05/21,57,Amb,640,Dry,620,,,,,,1.068842061
E. radiata,2012/05/21,57,Amb,640,Dry,611,37.32957424,0.418070127,453.5414471,5.217326768,1.353692974,
E. radiata,2012/05/21,57,Amb,640,Dry,604,29.91297273,0.476724462,501.2226409,7.608007032,1.742431996,1.046594698
E. radiata,2012/05/21,57,Amb,640,Wet,605,33.77722892,0.431740774,474.7787471,6.567060528,1.650362239,0.72570486
E. radiata,2012/05/21,57,Amb,640,Wet,616,46.27426051,0.621903717,470.8688944,9.405776363,1.700293054,1.017509485
E. radiata,2012/05/21,57,Amb,640,Wet,609,21.26289416,0.694830846,558.2966085,10.56041646,1.72629827,1.076957581
E. radiata,2012/05/21,57,Amb,640,Wet,619,20.80125435,0.307645995,500.6327534,4.898701173,1.683534274,
E. radiata,2012/05/21,57,Elv,400,Dry,404,21.94989087,0.211314934,208.4717836,4.5005304,2.194578771,1.151718823
E. radiata,2012/05/21,57,Elv,400,Dry,417,20.93080697,0.383505039,280.7090018,6.089989659,1.71669846,0.93529158
E. radiata,2012/05/21,57,Elv,400,Dry,419,22.24708947,0.34345849,272.3186646,5.797646788,1.785569995,1.001760613
E. radiata,2012/05/21,57,Elv,400,Dry,407,18.77143555,0.249105866,253.7914476,5.508546317,2.290419977,
E. radiata,2012/05/21,57,Elv,400,Wet,415,23.52777406,0.517316124,299.9255407,8.388937238,1.774822961,0.859764542
E. radiata,2012/05/21,57,Elv,400,Wet,403,21.90323715,0.284716662,252.3458907,4.917525919,1.805867125,1.147047422
E. radiata,2012/05/21,57,Elv,400,Wet,401,24.92971273,0.518803016,292.7717525,8.819005808,1.864992389,1.023453425
E. radiata,2012/05/21,57,Elv,400,Wet,408,24.9602116,0.542092483,296.3030115,10.25105373,2.078213379,
E. radiata,2012/05/21,57,Elv,640,Dry,306,26.36004019,0.236729108,424.2665902,5.271022037,2.299407818,0.749407601
E. radiata,2012/05/21,57,Elv,640,Dry,303,27.98878905,0.258331172,427.2210964,5.488537025,2.211447395,0.751228567
E. radiata,2012/05/21,57,Elv,640,Dry,313,26.98493409,0.181364622,364.7071487,4.134126937,2.334831751,
E. radiata,2012/05/21,57,Elv,640,Dry,305,20.44858335,0.103616464,288.8073556,3.037337978,2.944348574,
E. radiata,2012/05/21,57,Elv,640,Wet,311,29.25692002,0.233351145,399.0469833,5.112004141,2.26531261,0.914470656
E. radiata,2012/05/21,57,Elv,640,Wet,308,21.74390414,0.268953928,472.550871,6.554383773,2.534472741,0.780476819
E. radiata,2012/05/21,57,Elv,640,Wet,310,21.91209714,0.190541437,414.1271084,4.703667514,2.533519238,
E. radiata,2012/05/21,57,Elv,640,Wet,307,27.8027497,0.224453809,400.3053257,5.845644235,2.679481979,
E. radiata,2012/05/29,65,Amb,400,Dry,510,12.03743588,0.114921637,214.5084108,1.923295151,1.714320435,0.883669131
E. radiata,2012/05/29,65,Amb,400,Dry,502,23.17009268,0.312609974,259.2283273,4.632813006,1.575315804,1.411351981
E. radiata,2012/05/29,65,Amb,400,Dry,509,20.01307968,0.248789534,247.2772042,4.292970651,1.815918286,
E. radiata,2012/05/29,65,Amb,400,Dry,513,18.80138305,0.191629853,222.8394267,3.101785529,1.679993148,1.126107196
E. radiata,2012/05/29,65,Amb,400,Wet,515,22.66026576,0.284648301,246.9227466,4.471560524,1.667994211,0.912289794
E. radiata,2012/05/29,65,Amb,400,Wet,501,18.77363934,0.236759287,251.2377878,3.65235388,1.620637005,0.690269476
E. radiata,2012/05/29,65,Amb,400,Wet,512,22.94631053,0.578364118,311.0535064,7.743259158,1.504142619,
E. radiata,2012/05/29,65,Amb,400,Wet,516,25.99107717,0.391970824,263.9594815,5.420850876,1.503167263,0.749414007
E. radiata,2012/05/29,65,Amb,640,Dry,608,40.08447407,0.434380814,449.7019184,6.133554693,1.545476617,0.973651366
E. radiata,2012/05/29,65,Amb,640,Dry,620,,,,,,0.829823003
E. radiata,2012/05/29,65,Amb,640,Dry,611,19.97381081,0.094349212,272.2286279,1.756746853,1.9001235,
E. radiata,2012/05/29,65,Amb,640,Dry,604,29.76479255,0.312342991,450.1554623,5.007792951,1.709609441,0.78090645
E. radiata,2012/05/29,65,Amb,640,Wet,605,24.61608007,0.222094483,431.7341426,3.452195422,1.627960063,
E. radiata,2012/05/29,65,Amb,640,Wet,616,39.8033531,0.44247152,455.2174439,5.651195496,1.399039039,0.85835269
E. radiata,2012/05/29,65,Amb,640,Wet,609,28.54729158,0.615356464,531.6363585,7.781934665,1.432015229,
E. radiata,2012/05/29,65,Amb,640,Wet,619,32.67364035,0.300214834,427.2902288,4.7080217,1.66844693,0.714016704
E. radiata,2012/05/29,65,Elv,400,Dry,404,3.992854966,0.027058291,150.5477107,0.63535281,2.344378764,1.132639495
E. radiata,2012/05/29,65,Elv,400,Dry,417,0.386576799,0.008843491,316.8101873,0.206527098,2.325028632,0.631843194
E. radiata,2012/05/29,65,Elv,400,Dry,419,0.382163855,0.015108745,345.2640825,0.359333226,2.364044388,1.016477618
E. radiata,2012/05/29,65,Elv,400,Dry,407,1.726116838,0.016939718,224.375804,0.369189836,2.168086277,
E. radiata,2012/05/29,65,Elv,400,Wet,415,20.51668061,0.401667887,296.0141006,6.575013231,1.764365127,0.65947859
E. radiata,2012/05/29,65,Elv,400,Wet,403,18.70659013,0.269937556,266.6368451,4.783534338,1.862082261,0.701248474
E. radiata,2012/05/29,65,Elv,400,Wet,401,21.79892062,0.271792354,246.5036379,4.840897796,1.872817147,0.704020642
E. radiata,2012/05/29,65,Elv,400,Wet,408,24.59029206,0.39847383,270.3082935,6.668623389,1.807296946,
E. radiata,2012/05/29,65,Elv,640,Dry,306,6.899960202,0.030460312,259.7652274,0.584134413,1.913778967,1.591983221
E. radiata,2012/05/29,65,Elv,640,Dry,303,,,,,,0.656445816
E. radiata,2012/05/29,65,Elv,640,Dry,313,0.633414252,0.009011403,506.5644489,0.199519003,2.196682972,0.891034049
E. radiata,2012/05/29,65,Elv,640,Dry,305,0.463549861,0.007276219,518.4605504,0.151406786,2.067389189,
E. radiata,2012/05/29,65,Elv,640,Wet,311,30.03937408,0.284788603,435.3809504,4.779988468,1.767694143,0.610638597
E. radiata,2012/05/29,65,Elv,640,Wet,308,24.38113875,0.227388908,436.465802,4.040374316,1.849892792,0.502724153
E. radiata,2012/05/29,65,Elv,640,Wet,310,25.28134028,0.267395336,450.4524262,4.814186087,1.890464661,0.846996802
E. radiata,2012/05/29,65,Elv,640,Wet,307,25.81391295,0.215682528,414.1886642,3.790815433,1.821724381,0.867463416
E. radiata,2012/06/05,72,Amb,400,Dry,510,,,,,,0.954749193
E. radiata,2012/06/05,72,Amb,400,Dry,502,4.59128912,0.040750239,205.3243478,0.905750744,2.169501707,0.87601438
E. radiata,2012/06/05,72,Amb,400,Dry,509,0.521527511,0.010688486,308.6544475,0.245058879,2.222601112,
E. radiata,2012/06/05,72,Amb,400,Dry,513,0.376598486,0.019671479,357.7352968,0.374819258,1.85498933,0.676969355
E. radiata,2012/06/05,72,Amb,400,Wet,515,24.47648258,0.390929264,273.418641,5.827260258,1.571280868,1.112324511
E. radiata,2012/06/05,72,Amb,400,Wet,501,21.34494391,0.355116659,279.0320736,5.682202228,1.667242587,0.497201879
E. radiata,2012/06/05,72,Amb,400,Wet,512,23.27192345,0.531715924,304.1425516,7.592313918,1.54093499,
E. radiata,2012/06/05,72,Amb,400,Wet,516,25.61483359,0.490617723,290.9160844,6.561671988,1.435008858,0.748808001
E. radiata,2012/06/05,72,Amb,640,Dry,608,4.1924841,0.0260113,363.3301167,0.494402457,1.857751456,1.124134232
E. radiata,2012/06/05,72,Amb,640,Dry,615,0.282574537,0.00916704,570.1773684,0.197846412,2.095227351,0.868293638
E. radiata,2012/06/05,72,Amb,640,Dry,604,0.052036179,0.014210134,612.0698504,0.305179528,2.088006397,0.677020276
E. radiata,2012/06/05,72,Amb,640,Wet,605,23.62375677,0.184467878,404.9667962,2.719779302,1.48837711,0.837295637
E. radiata,2012/06/05,72,Amb,640,Wet,616,35.39183825,0.419211301,463.4042236,6.615025004,1.668339373,0.642061937
E. radiata,2012/06/05,72,Amb,640,Wet,609,21.3214644,0.329049611,504.0833503,5.711984218,1.79944148,
E. radiata,2012/06/05,72,Amb,640,Wet,619,30.67047194,0.272288462,422.8439787,4.398701739,1.659768954,0.73093492
E. radiata,2012/06/05,72,Elv,400,Dry,404,0,0.000192444,382.8033189,0.005272225,2.640059363,0.355940834
E. radiata,2012/06/05,72,Elv,400,Dry,417,1.497603415,0.011763141,182.2364373,0.290421806,2.380922078,0.774609794
E. radiata,2012/06/05,72,Elv,400,Dry,419,0.190429292,0.013408547,361.7047984,0.320835257,2.312197875,1.093027991
E. radiata,2012/06/05,72,Elv,400,Dry,407,0,0.010041867,384.3581163,0.235932124,2.270228313,
E. radiata,2012/06/05,72,Elv,400,Wet,415,20.78946088,0.345693178,277.6404385,6.709429655,2.006104463,0.907579641
E. radiata,2012/06/05,72,Elv,400,Wet,403,23.15701615,0.401567738,279.8801674,7.126318907,1.854694348,0.660815805
E. radiata,2012/06/05,72,Elv,400,Wet,401,22.28947906,0.372467555,275.6684192,7.331933154,2.047631563,0.810933936
E. radiata,2012/06/05,72,Elv,400,Wet,408,21.6510057,0.31013777,259.0546313,5.945092434,1.973671092,
E. radiata,2012/06/05,72,Elv,640,Dry,306,0.437705384,,634.7331443,,2.298125413,0.370083526
E. radiata,2012/06/05,72,Elv,640,Dry,303,1.107486335,0.007704035,393.1045437,0.172761775,2.159125368,0.643666955
E. radiata,2012/06/05,72,Elv,640,Dry,313,0.007059436,0.011696419,615.0587909,0.278110876,2.288570225,0.757778852
E. radiata,2012/06/05,72,Elv,640,Dry,305,0,0.009178995,617.1707549,0.208288613,2.187342115,
E. radiata,2012/06/05,72,Elv,640,Wet,311,25.67072724,0.28113064,458.3482631,4.648292348,1.688821374,0.677032268
E. radiata,2012/06/05,72,Elv,640,Wet,308,25.35421497,0.36819042,496.1600511,6.323493244,1.780544315,0.874412256
E. radiata,2012/06/05,72,Elv,640,Wet,310,23.2471219,0.26034743,457.9253894,5.082089711,1.98646505,0.507486721
E. radiata,2012/06/05,72,Elv,640,Wet,307,22.16480734,0.448267631,526.6509535,7.139374526,1.680663362,
E. radiata,2012/06/12,79,Amb,400,Dry,502,0,0.017591204,387.4324298,0.351633917,1.983694495,0.4
E. radiata,2012/06/12,79,Amb,400,Dry,508,0,0,,,,0.353100862
E. radiata,2012/06/12,79,Amb,400,Dry,504,0,0,,,,
E. radiata,2012/06/12,79,Amb,400,Wet,507,28.87636849,0.532116946,284.3204489,7.206038537,1.494495689,0.894845254
E. radiata,2012/06/12,79,Amb,400,Wet,501,16.61812559,0.176178725,230.4763593,2.971358219,1.73184403,0.419108223
E. radiata,2012/06/12,79,Amb,400,Wet,515,21.55663161,0.262817706,244.6085547,4.13456047,1.642889733,0.418023909
E. radiata,2012/06/12,79,Amb,640,Dry,611,0,0.008798701,620.6375597,0.169094782,1.901170166,0.236861494
E. radiata,2012/06/12,79,Amb,640,Dry,610,0,0,,,,0.205292995
E. radiata,2012/06/12,79,Amb,640,Dry,607,0,0,,,,0.9055546
E. radiata,2012/06/12,79,Amb,640,Wet,619,34.88796589,0.490695068,485.1853404,7.388788773,1.647553339,0.791771963
E. radiata,2012/06/12,79,Amb,640,Wet,603,24.81367012,0.251283688,445.5896043,4.171992709,1.735821123,0.782599997
E. radiata,2012/06/12,79,Amb,640,Wet,605,25.50896661,0.260793779,449.2734628,4.477651855,1.789174176,0.720726945
E. radiata,2012/06/12,79,Elv,400,Dry,414,0,0,,,,0.247898471
E. radiata,2012/06/12,79,Elv,400,Dry,412,0,0,,,,0.212274541
E. radiata,2012/06/12,79,Elv,400,Dry,404,0,0,,,,
E. radiata,2012/06/12,79,Elv,400,Dry,411,0,0,,,,0.321847465
E. radiata,2012/06/12,79,Elv,400,Wet,403,19.91538207,0.293308801,265.483123,5.696532903,2.025940919,0.658370064
E. radiata,2012/06/12,79,Elv,400,Wet,408,24.66580276,0.348669757,259.0794192,5.794549184,1.752997185,1.186568111
E. radiata,2012/06/12,79,Elv,400,Wet,416,23.13564845,0.422348313,284.0924099,8.146505201,2.060021639,0.740483602
E. radiata,2012/06/12,79,Elv,640,Dry,303,0,0,,,,0.294869831
E. radiata,2012/06/12,79,Elv,640,Dry,309,0,0,,,,0.32430617
E. radiata,2012/06/12,79,Elv,640,Dry,317,0,0,,,,0.22661329
E. radiata,2012/06/12,79,Elv,640,Wet,308,23.83542665,0.274464194,461.8515783,6.202696219,2.343491727,0.589915458
E. radiata,2012/06/12,79,Elv,640,Wet,311,26.02337211,0.199931569,393.762113,4.254969831,2.177079552,0.704502939
E. radiata,2012/06/12,79,Elv,640,Wet,320,23.85524049,0.156507417,362.7158755,3.210051037,2.081816225,0.510713244
E. radiata,2012/06/12,79,Elv,640,Wet,356,17.05949437,0.146980369,420.2331661,2.868791593,1.983023925,
E. radiata,2012/06/19,86,Amb,400,Dry,519,0,0,,,,0.281658017
E. radiata,2012/06/19,86,Amb,400,Dry,504,0,0,,,,0.334443518
E. radiata,2012/06/19,86,Amb,400,Dry,502,0,0,,,,0.307509425
E. radiata,2012/06/19,86,Amb,400,Wet,507,24.98137011,0.419877252,277.5866152,5.641602385,1.448465478,0.793779092
E. radiata,2012/06/19,86,Amb,400,Wet,515,20.42024198,0.260279358,248.6011223,5.124435289,2.050922159,0.879405923
E. radiata,2012/06/19,86,Amb,400,Wet,501,18.23173619,0.307011941,284.9466295,4.36855234,1.500386332,0.798994527
E. radiata,2012/06/19,86,Amb,640,Dry,610,0,0,,,,0.3
E. radiata,2012/06/19,86,Amb,640,Dry,614,0,0,,,,0.34
E. radiata,2012/06/19,86,Amb,640,Dry,611,0,0,,,,0.33
E. radiata,2012/06/19,86,Amb,640,Wet,605,24.98842154,0.314840652,480.6114807,4.748915766,1.592585896,0.7
E. radiata,2012/06/19,86,Amb,640,Wet,603,23.90822667,0.190137582,400.5147549,3.932272091,2.128023873,
E. radiata,2012/06/19,86,Amb,640,Wet,619,27.70472488,0.270259668,438.687496,5.19615203,2.009372179,0.5
E. radiata,2012/06/19,86,Elv,400,Dry,414,0,0,,,,0.13592946
E. radiata,2012/06/19,86,Elv,400,Dry,412,0,0,,,,0.212850567
E. radiata,2012/06/19,86,Elv,400,Dry,411,0,0,,,,0.11907361
E. radiata,2012/06/19,86,Elv,400,Wet,408,20.52143367,0.285862286,256.4617957,6.576012471,2.401552289,0.632380556
E. radiata,2012/06/19,86,Elv,400,Wet,403,18.87078833,0.281048522,266.2678532,6.390193002,2.36734795,0.548974522
E. radiata,2012/06/19,86,Elv,400,Wet,416,22.03897434,0.396922099,282.7147801,8.841911841,2.36771878,0.606724514
E. radiata,2012/06/19,86,Elv,640,Dry,303,0,0,,,,0.082492269
E. radiata,2012/06/19,86,Elv,640,Dry,309,0,0,,,,0.176850988
E. radiata,2012/06/19,86,Elv,640,Dry,317,0,0,,,,0.231347312
E. radiata,2012/06/19,86,Elv,640,Wet,308,20.95515068,0.186756522,422.9535075,5.028713596,2.747292317,0.439554758
E. radiata,2012/06/19,86,Elv,640,Wet,311,26.65927278,0.238050743,419.840748,6.123284559,2.650187837,0.848503661
E. radiata,2012/06/19,86,Elv,640,Wet,320,26.61625688,0.183232767,364.8235906,4.690472576,2.608665018,0.649381385
E. radiata,2012/06/26,93,Amb,400,Dry,502,0,0,,,,0
E. radiata,2012/06/26,93,Amb,400,Dry,517,0,0,,,,0.185584408
E. radiata,2012/06/26,93,Amb,400,Dry,506,0,0,,,,0.21091246
E. radiata,2012/06/26,93,Amb,400,Wet,515,,,,,,0.750487385
E. radiata,2012/06/26,93,Amb,400,Wet,507,22.94494675,0.323035491,263.455592,4.246732349,1.406629888,0.708254356
E. radiata,2012/06/26,93,Amb,400,Wet,501,16.75155934,0.298325073,291.3609097,3.932934635,1.403679478,0.93222069
E. radiata,2012/06/26,93,Amb,400,Wet,515,14.77311723,0.240488821,282.9023756,3.531398224,1.544530556,
E. radiata,2012/06/26,93,Amb,640,Dry,620,0,0,,,,0.195552669
E. radiata,2012/06/26,93,Amb,640,Dry,614,0,0,,,,0.167517145
E. radiata,2012/06/26,93,Amb,640,Wet,619,21.37553925,0.296027621,496.6782037,3.67174557,1.324211538,0.987602058
E. radiata,2012/06/26,93,Amb,640,Wet,605,22.93697999,0.17630525,401.4573892,2.899308978,1.705568764,0.619336344
E. radiata,2012/06/26,93,Amb,640,Wet,603,21.67009614,0.191662927,428.1676125,2.796557303,1.522008215,0.538223238
E. radiata,2012/06/26,93,Elv,400,Dry,414,0,0,,,,0.056932823
E. radiata,2012/06/26,93,Elv,400,Dry,404,0,0,,,,0.038496643
E. radiata,2012/06/26,93,Elv,400,Dry,411,0,0,,,,0.031524952
E. radiata,2012/06/26,93,Elv,400,Wet,403,16.94014452,0.152043654,198.7241015,3.565531665,2.406315298,0.814730205
E. radiata,2012/06/26,93,Elv,400,Wet,408,15.78283336,0.17892755,235.0290871,4.293650437,2.475134376,0.668481667
E. radiata,2012/06/26,93,Elv,400,Wet,416,19.04200952,0.198124579,221.4817049,4.742982331,2.475963324,0.940858625
E. radiata,2012/06/26,93,Elv,640,Dry,303,0,0,,,,0.002569482
E. radiata,2012/06/26,93,Elv,640,Dry,309,0,0,,,,0.079685042
E. radiata,2012/06/26,93,Elv,640,Dry,317,0,0,,,,0.052761257
E. radiata,2012/06/26,93,Elv,640,Wet,308,11.17245384,0.065278516,342.9426868,1.287136428,1.983169054,0.6742161
E. radiata,2012/06/26,93,Elv,640,Wet,311,19.04542633,0.114294855,342.1416763,2.334732413,2.07478341,0.661609188
E. radiata,2012/06/26,93,Elv,640,Wet,320,13.96061985,0.070267425,295.002827,1.581681821,2.262773371,0.56976044
E. radiata,2012/07/09,106,Amb,400,Dry,506,0,0,,,,0.02
E. radiata,2012/07/09,106,Amb,400,Dry,504,0,0,,,,0.03
E. radiata,2012/07/09,106,Amb,400,Dry,519,0,0,,,,0.02
E. radiata,2012/07/09,106,Amb,400,Wet,501,12.42025231,0.157568501,255.2111004,2.768652379,1.810607579,
E. radiata,2012/07/09,106,Amb,400,Wet,507,16.77838079,0.195276352,238.5526044,3.453319971,1.838295629,0.863384131
E. radiata,2012/07/09,106,Amb,640,Dry,611,0,0,,,,0.074445
E. radiata,2012/07/09,106,Amb,640,Dry,614,0,0,,,,0.028615691
E. radiata,2012/07/09,106,Amb,640,Dry,607,0,0,,,,0
E. radiata,2012/07/09,106,Amb,640,Wet,605,18.50128602,0.146833461,408.4630704,2.540044839,1.780186268,0.647752454
E. radiata,2012/07/09,106,Elv,400,Wet,403,7.469114341,0.084909907,244.2622754,1.657284538,1.967608037,
E. radiata,2012/07/09,106,Elv,400,Wet,408,1.971143411,0.020416869,232.8335313,0.467240824,2.274476882,
E. radiata,2012/07/09,106,Elv,400,Wet,416,0.875586649,0.017177639,304.5001198,0.413542845,2.389726709,
E. radiata,2012/07/09,106,Elv,640,Wet,320,14.52790966,0.063549772,247.3942297,1.420776282,2.242372508,
E. radiata,2012/07/09,106,Elv,640,Wet,311,14.63461442,0.058048604,212.4376736,1.319806481,2.27703433,
E. radiata,2012/07/25,122,Amb,400,Wet,507,20.19144226,0.308336186,271.2792999,4.25408078,1.45502517,
E. radiata,2012/07/25,122,Amb,400,Wet,515,15.34317442,0.217697373,267.7191118,2.767458092,1.311842367,
E. radiata,2012/07/25,122,Amb,400,Wet,501,14.91728043,0.158624673,231.0307858,2.476084914,1.59814333,
E. radiata,2012/07/25,122,Amb,640,Wet,619,21.56504376,0.155584362,386.8949823,2.511324336,1.658340621,
E. radiata,2012/07/25,122,Amb,640,Wet,603,13.35608785,0.061149496,265.3221023,1.097616568,1.804228323,
E. radiata,2012/07/25,122,Amb,640,Wet,605,13.86740161,0.082368057,347.046906,1.459492712,1.784015091,
E. radiata,2012/07/25,122,Elv,400,Wet,403,19.41851872,0.257507579,253.4239548,5.561898691,2.245599417,
E. radiata,2012/07/25,122,Elv,400,Wet,408,16.17493167,0.182332112,233.8773647,4.111549196,2.309701307,
E. radiata,2012/07/25,122,Elv,400,Wet,416,18.63697318,0.236184083,247.0737163,5.516872702,2.420889374,
E. radiata,2012/07/25,122,Elv,640,Wet,311,25.82669594,0.16175094,349.8464381,3.396727594,2.139752896,
E. radiata,2012/07/25,122,Elv,640,Wet,320,20.12186395,0.111521179,315.6170915,2.451900573,2.226427488,
E. radiata,2012/07/25,122,Elv,640,Wet,308,23.49694485,0.221179658,424.510043,4.416237595,2.077949139,
E. radiata,2012/08/08,136,Amb,400,Wet,501,15.65155193,0.196148102,251.0509585,3.414272381,1.791096056,
E. radiata,2012/08/08,136,Amb,400,Wet,515,17.5082865,0.233329702,256.4725285,3.774227211,1.678498843,
E. radiata,2012/08/08,136,Amb,400,Wet,507,21.72242875,0.325542061,267.9116097,5.045032362,1.635132881,
E. radiata,2012/08/08,136,Amb,640,Wet,605,18.23777434,0.109636969,345.5263342,2.119282367,1.952059755,
E. radiata,2012/08/08,136,Amb,640,Wet,603,17.50002288,0.10104635,335.9290702,1.564100601,1.564235333,
E. radiata,2012/08/08,136,Amb,640,Wet,619,14.60523445,0.152167295,463.6382291,1.845157107,1.243277964,
E. radiata,2012/08/08,136,Elv,400,Wet,416,14.96787022,0.225460872,273.0254776,3.941439625,1.798644884,
E. radiata,2012/08/08,136,Elv,400,Wet,408,18.36052426,0.251659057,260.0228158,4.314176969,1.774343638,
E. radiata,2012/08/08,136,Elv,640,Wet,308,18.47257074,0.140614913,401.7001046,2.465604904,1.773472924,
E. radiata,2012/08/08,136,Elv,640,Wet,311,22.60338173,0.24232039,459.3498203,4.113030879,1.752096329,
E. radiata,2012/08/08,136,Elv,640,Wet,320,23.34860152,0.152181091,360.2768782,2.820869392,1.879560414,
